<application>
  <component name="AppStorage">
    <histories>
      <item value="pre-receive hook declined" />
      <item value="is not eligible for getting processed by all BeanPostProcessors" />
      <item value="Implementation" />
      <item value="overpopulated" />
      <item value="This map usually acts as a binned (bucketed) hash table, but when bins get too large, they are transformed into bins of TreeNodes, each structured similarly to those in java.util.TreeMap. Most methods try to use normal bins, but relay to TreeNode methods when applicable (simply by checking instanceof a node). Bins of TreeNodes may be traversed and used like any others, but additionally support faster lookup when overpopulated. However, since the vast majority of bins in normal use are not overpopulated, checking for existence of tree bins may be delayed in the course of table methods." />
      <item value="Computes key.hashCode() and spreads (XORs) higher bits of hash to lower. Because the table uses power-of-two masking, sets of hashes that vary only in bits above the current mask will always collide. (Among known examples are sets of Float keys holding consecutive whole numbers in small tables.) So we apply a transform that spreads the impact of higher bits downward. There is a tradeoff between speed, utility, and quality of bit-spreading. Because many common sets of hashes are already reasonably distributed (so don't benefit from spreading), and because we use trees to handle large sets of collisions in bins, we just XOR some shifted bits in the cheapest possible way to reduce systematic lossage, as well as to incorporate impact of the highest bits that would otherwise never be used in index calculations because of table bounds." />
      <item value="sufficient" />
      <item value="is" />
    </histories>
    <option name="languageScores">
      <map>
        <entry key="CHINESE" value="9" />
        <entry key="ENGLISH" value="10" />
      </map>
    </option>
  </component>
  <component name="Cache">
    <option name="lastTrimTime" value="1619005319055" />
  </component>
  <component name="Settings">
    <option name="googleTranslateSettings">
      <google-translate>
        <option name="useTranslateGoogleCom" value="true" />
      </google-translate>
    </option>
  </component>
</application>